0.000000000000000000e+00,1.000000000000000000e+01,1.000000000000000000e+01
1.000000000000000021e-03,9.946558317073593614e+00,9.945408856848994006e+00
2.000000000000000042e-03,9.707494399613816327e+00,9.697435259441915534e+00
3.000000000000000062e-03,8.855766222535615739e+00,8.817992725185561653e+00
4.000000000000000083e-03,6.867362918051362897e+00,6.770176834343759609e+00
5.000000000000000104e-03,3.353418480534537505e+00,3.158601953436471099e+00
6.000000000000000125e-03,-1.720173208946255361e+00,-2.038594889607904026e+00
7.000000000000000146e-03,-7.896915926843331768e+00,-8.323869221381622552e+00
8.000000000000000167e-03,-1.422898143050157316e+01,-1.467959787926147364e+01
9.000000000000001055e-03,-1.942789921043716461e+01,-1.973423011596045740e+01
1.000000000000000021e-02,-2.214165892246537837e+01,-2.206981429548416074e+01
1.099999999999999936e-02,-2.129629550878237865e+01,-2.060137429859730318e+01
1.200000000000000025e-02,-1.641733443739598641e+01,-1.493012211025428293e+01
1.300000000000000114e-02,-7.844513237270981598e+00,-5.568790053650940486e+00
1.400000000000000029e-02,3.226586435793121765e+00,6.038550895749803082e+00
1.499999999999999944e-02,1.490405262304381395e+01,1.773237623375768734e+01
1.600000000000000033e-02,2.494070145532906579e+01,2.705979189924797623e+01
1.700000000000000122e-02,3.119143055064930437e+01,3.181654504345073065e+01
1.800000000000000211e-02,3.208923012061101332e+01,3.058420170695631057e+01
1.899999999999999953e-02,2.703148744876856213e+01,2.312890541350735774e+01
2.000000000000000042e-02,1.658260614024010593e+01,1.055310701047763189e+01
2.100000000000000130e-02,2.436014077962369573e+00,-4.854136139377073000e+00
2.199999999999999872e-02,-1.286953043111110340e+01,-2.005170509199725259e+01
2.299999999999999961e-02,-2.642937920194272650e+01,-3.187881540721897267e+01
2.400000000000000050e-02,-3.555257030994557965e+01,-3.774632206540155011e+01
2.500000000000000139e-02,-3.832036371726229618e+01,-3.622823048321700412e+01
2.600000000000000228e-02,-3.400336809544334926e+01,-2.741304312169158308e+01
2.699999999999999969e-02,-2.324442510827925545e+01,-1.292737916948073362e+01
2.800000000000000058e-02,-7.962960391988090691e+00,4.380773415344553001e+00
2.900000000000000147e-02,9.004468171323280146e+00,2.103281905608387348e+01
2.999999999999999889e-02,2.445616629138384823e+01,3.365407282572949299e+01
3.099999999999999978e-02,3.545702684317968334e+01,3.968841937912251439e+01
3.200000000000000067e-02,3.991974159936086863e+01,3.793454397283279889e+01
3.300000000000000155e-02,3.701577117229610536e+01,2.878702820935699336e+01
3.400000000000000244e-02,2.733239152475957923e+01,1.413377000938843508e+01
3.500000000000000333e-02,1.274572183758353106e+01,-3.060965116770044681e+00
3.600000000000000422e-02,-3.961001194387994140e+00,-1.938951507455361423e+01
3.699999999999999817e-02,-1.965236483503811016e+01,-3.170700758842053446e+01
3.799999999999999906e-02,-3.145330462526025528e+01,-3.775739945079321558e+01
3.899999999999999994e-02,-3.729455698445311640e+01,-3.659026286384039395e+01
4.000000000000000083e-02,-3.628371546203891285e+01,-2.869097471377325803e+01
4.100000000000000172e-02,-2.883376973467076354e+01,-1.581291322555383161e+01
4.200000000000000261e-02,-1.653300466014026782e+01,-5.646084995507342219e-01
4.300000000000000350e-02,-1.793398285313504870e+00,1.414683035389101207e+01
4.399999999999999745e-02,1.264217511506811675e+01,2.569192107628094490e+01
4.499999999999999833e-02,2.422924737877160695e+01,3.219642356806126315e+01
4.599999999999999922e-02,3.108149651364484711e+01,3.283289267284893498e+01
4.700000000000000011e-02,3.227550992169530275e+01,2.788527727151084790e+01
4.800000000000000100e-02,2.795214440443340109e+01,1.859631951387354576e+01
4.900000000000000189e-02,1.921047101791098299e+01,6.850730155553971912e+00
5.000000000000000278e-02,7.832171207145632863e+00,-5.225677249341811326e+00
5.100000000000000366e-02,-4.095142256463748964e+00,-1.566355941380126637e+01
5.200000000000000455e-02,-1.457350466841393377e+01,-2.296897867062095600e+01
5.299999999999999850e-02,-2.203158667538340865e+01,-2.631441673687394101e+01
5.399999999999999939e-02,-2.554594979424873813e+01,-2.558517383203441398e+01
5.500000000000000028e-02,-2.491947956840430223e+01,-2.129560837560277164e+01
5.600000000000000117e-02,-2.062204574884088615e+01,-1.441285792434119628e+01
5.700000000000000205e-02,-1.362532700651185991e+01,-6.137125693944712523e+00
5.800000000000000294e-02,-5.179990259522823770e+00,2.313243757603260953e+00
5.900000000000000383e-02,3.413291807122487587e+00,9.874536947110780005e+00
5.999999999999999778e-02,1.099615303062157778e+01,1.574758729223426990e+01
6.099999999999999867e-02,1.668214681472419159e+01,1.944175428261689476e+01
6.199999999999999956e-02,1.991722381202997383e+01,2.076425543776206695e+01
6.300000000000000044e-02,2.048159874363718558e+01,1.977453597923345541e+01
6.400000000000000133e-02,1.845379451595464815e+01,1.672497719245353665e+01
6.500000000000000222e-02,1.415946744375882815e+01,1.200506867900423558e+01
6.600000000000000311e-02,8.121830874515744370e+00,6.098456497477107163e+00
6.700000000000000400e-02,1.020110896276912094e+00,-4.462056598950886466e-01
6.800000000000000488e-02,-6.348354073179705459e+00,-7.036418574849747642e+00
6.900000000000000577e-02,-1.311398709288356379e+01,-1.305815863134623811e+01
7.000000000000000666e-02,-1.840137020957238789e+01,-1.790788533713378072e+01
7.100000000000000755e-02,-2.142277129754637244e+01,-2.103878063852175728e+01
7.200000000000000844e-02,-2.159429665301199108e+01,-2.201983399108265615e+01
7.299999999999999545e-02,-1.865741577386412686e+01,-2.060030624057706916e+01
7.399999999999999634e-02,-1.277853481856975293e+01,-1.676758274646790525e+01
7.499999999999999722e-02,-4.595764396324705459e+00,-1.078468688349720317e+01
7.599999999999999811e-02,4.812736601755942978e+00,-3.195275323254350930e+00
7.699999999999999900e-02,1.405060873142064715e+01,5.211480254874399698e+00
7.799999999999999989e-02,2.160729004059790270e+01,1.347700752972054339e+01
7.900000000000000078e-02,2.611495781798008764e+01,2.058380034050088980e+01
8.000000000000000167e-02,2.661212088323592795e+01,2.558670295171124209e+01
8.100000000000000255e-02,2.275944215778601176e+01,2.774653074815716280e+01
8.200000000000000344e-02,1.495721375663308450e+01,2.664550161377363224e+01
8.300000000000000433e-02,4.329962847122607705e+00,2.226527320716717995e+01
8.400000000000000522e-02,-7.430822366382064281e+00,1.501298245913978491e+01
8.500000000000000611e-02,-1.834514231520039829e+01,5.687949032841414621e+00
8.600000000000000699e-02,-2.649608129084293751e+01,-4.609425690822406274e+00
8.700000000000000788e-02,-3.038798834570886243e+01,-1.461592023635352611e+01
8.799999999999999489e-02,-2.923963107903031755e+01,-2.307238793760694406e+01
8.899999999999999578e-02,-2.315091212667524090e+01,-2.889546230375890801e+01
8.999999999999999667e-02,-1.310555193554752940e+01,-3.132855800915212541e+01
9.099999999999999756e-02,-8.047786219828821919e-01,-3.004903456538148632e+01
9.199999999999999845e-02,1.163838323470649883e+01,-2.521463940581989505e+01
9.299999999999999933e-02,2.208565783800847271e+01,-1.744156327939512252e+01
9.400000000000000022e-02,2.876530416635193532e+01,-7.717138633059703601e+00
9.500000000000000111e-02,3.059226547930567364e+01,2.739430431387890774e+00
9.600000000000000200e-02,2.735460163079834928e+01,1.264672707919242711e+01
9.700000000000000289e-02,1.973179318847391528e+01,2.083503476811842958e+01
9.800000000000000377e-02,9.145021934463109403e+00,2.639825837493894056e+01
9.900000000000000466e-02,-2.526586979067385386e+00,2.880191137593503115e+01
1.000000000000000056e-01,-1.330377385081705732e+01,2.793308234347844632e+01
1.010000000000000064e-01,-2.146627882644238383e+01,2.408818447577674249e+01
1.020000000000000073e-01,-2.584345458448611410e+01,1.790437001089056324e+01
1.030000000000000082e-01,-2.598385773322877412e+01,1.024896478570134661e+01
1.040000000000000091e-01,-2.217883435005024140e+01,2.086763786076456295e+00
1.049999999999999961e-01,-1.534639901020327812e+01,-5.653199502547805899e+00
1.059999999999999970e-01,-6.809775553221007804e+00,-1.219172145414721165e+01
1.069999999999999979e-01,1.976140089473570116e+00,-1.697958406774292328e+01
1.079999999999999988e-01,9.691038771655319906e+00,-1.973585879391728426e+01
1.089999999999999997e-01,1.535606351968575645e+01,-2.044377553149969984e+01
1.100000000000000006e-01,1.844721345479739938e+01,-1.931022790199966011e+01
1.110000000000000014e-01,1.890519607248966238e+01,-1.669996892509405129e+01
1.120000000000000023e-01,1.705557849717504482e+01,-1.305828441667194539e+01
1.130000000000000032e-01,1.347139713292383867e+01,-8.836239699747610032e+00
1.140000000000000041e-01,8.819156933602709358e+00,-4.430657714385254131e+00
1.150000000000000050e-01,3.727034199434328787e+00,-1.472564981882564239e-01
1.160000000000000059e-01,-1.297504397589215319e+00,3.809508178056390193e+00
1.170000000000000068e-01,-5.890849211198154300e+00,7.321624698629729977e+00
1.180000000000000077e-01,-9.805582180456173802e+00,1.032431876112950420e+01
1.190000000000000085e-01,-1.285458882986318052e+01,1.276469017626507885e+01
1.199999999999999956e-01,-1.485601714789257777e+01,1.456417726461363671e+01
1.209999999999999964e-01,-1.560550129692059684e+01,1.559623699461071133e+01
1.219999999999999973e-01,-1.489133935437804546e+01,1.568758260595432930e+01
1.229999999999999982e-01,-1.255272885397058324e+01,1.464616921287356988e+01
1.239999999999999991e-01,-8.565229222926554087e+00,1.231268183654423787e+01
1.250000000000000000e-01,-3.125932972050235570e+00,8.625779592196613166e+00
1.260000000000000009e-01,3.293140053681224977e+00,3.686213059660274460e+00
1.270000000000000018e-01,9.949728728669875011e+00,-2.197486232134649775e+00
1.280000000000000027e-01,1.590707510826675453e+01,-8.497790119441049228e+00
1.290000000000000036e-01,2.017545075053860870e+01,-1.450228289536453374e+01
1.300000000000000044e-01,2.189563049882292489e+01,-1.939540804863513657e+01
1.310000000000000053e-01,2.052649437133473853e+01,-2.237973742977831648e+01
1.320000000000000062e-01,1.599341407167155893e+01,-2.281842871389047289e+01
1.330000000000000071e-01,8.758911111552659889e+00,-2.037287601921204327e+01
1.340000000000000080e-01,-2.083659541216618949e-01,-1.510654093818065391e+01
1.350000000000000089e-01,-9.569051505083422171e+00,-7.528884863120040016e+00
1.360000000000000098e-01,-1.783241204990849482e+01,1.437670625357077014e+00
1.370000000000000107e-01,-2.361950509380569940e+01,1.057098900254458584e+01
1.380000000000000115e-01,-2.591851335105583232e+01,1.852971289059266269e+01
1.390000000000000124e-01,-2.428018139442879786e+01,2.407281308244515472e+01
1.400000000000000133e-01,-1.891227742776328213e+01,2.627917526161156658e+01
1.410000000000000142e-01,-1.065216520780124831e+01,2.472463544087306886e+01
1.420000000000000151e-01,-8.215106210389055974e-01,1.957904590668008282e+01
1.430000000000000160e-01,9.008635033644955215e+00,1.159952112648747580e+01
1.440000000000000169e-01,1.729597186946297072e+01,2.015686982368339653e+00
1.449999999999999900e-01,2.279374196286648413e+01,-7.675356960173590259e+00
1.459999999999999909e-01,2.475509571942884790e+01,-1.596728489991630973e+01
1.469999999999999918e-01,2.303811083248336189e+01,-2.160659633571094318e+01
1.479999999999999927e-01,1.809600541695601095e+01,-2.380698023530633733e+01
1.489999999999999936e-01,1.086095077827543953e+01,-2.237365501646350907e+01
1.499999999999999944e-01,2.550850015831578776e+00,-1.771411242260612084e+01
1.509999999999999953e-01,-5.557958221623702677e+00,-1.073601812356141494e+01
1.519999999999999962e-01,-1.234550952595161988e+01,-2.657285131984757687e+00
1.529999999999999971e-01,-1.701060379168443859e+01,5.228316710738712736e+00
1.539999999999999980e-01,-1.915558627719521567e+01,1.177879638274348828e+01
1.549999999999999989e-01,-1.878731362094259438e+01,1.617824678472235078e+01
1.559999999999999998e-01,-1.624666919186184089e+01,1.802713796481653930e+01
1.570000000000000007e-01,-1.209286295604499983e+01,1.734073782740598446e+01
1.580000000000000016e-01,-6.975014710644820148e+00,1.447121510458222637e+01
1.590000000000000024e-01,-1.521288175212732741e+00,9.986386330941892098e+00
1.600000000000000033e-01,3.733621227356555217e+00,4.544541593328277784e+00
1.610000000000000042e-01,8.375540418788526509e+00,-1.201347361274703207e+00
1.620000000000000051e-01,1.209932774486552454e+01,-6.653190932507963673e+00
1.630000000000000060e-01,1.467629252191475864e+01,-1.127534446011667946e+01
1.640000000000000069e-01,1.592234260129446710e+01,-1.458260346568615518e+01
1.650000000000000078e-01,1.568591893529989711e+01,-1.613955239036884137e+01
1.660000000000000087e-01,1.386592601978585115e+01,-1.559714340240511810e+01
1.670000000000000095e-01,1.045762116147482246e+01,-1.277464445485480482e+01
1.680000000000000104e-01,5.612414063394819408e+00,-7.770333120397989290e+00
1.690000000000000113e-01,-3.106546619092786510e-01,-1.061528839798654422e+00
1.700000000000000122e-01,-6.725743607935808832e+00,6.456751073894438697e+00
1.710000000000000131e-01,-1.285177227162995095e+01,1.353843969864149699e+01
1.720000000000000140e-01,-1.780132987774445041e+01,1.877646625735831876e+01
1.730000000000000149e-01,-2.071831767990533280e+01,2.089527171887478474e+01
1.740000000000000158e-01,-2.094093415923619617e+01,1.908422801253434642e+01
1.750000000000000167e-01,-1.815625156905112547e+01,1.328215690806198523e+01
1.759999999999999898e-01,-1.250972850839038841e+01,4.319226557232120456e+00
1.769999999999999907e-01,-4.638874846427121668e+00,-6.151685119353630604e+00
1.779999999999999916e-01,4.385865503514157382e+00,-1.595035434150591058e+01
1.789999999999999925e-01,1.321091318786969637e+01,-2.284282350536743422e+01
1.799999999999999933e-01,2.041788602871421077e+01,-2.508600361835037162e+01
1.809999999999999942e-01,2.477185912593932926e+01,-2.190230860401664614e+01
1.819999999999999951e-01,2.545201503921846964e+01,-1.374798998923094828e+01
1.829999999999999960e-01,2.221808464855249809e+01,-2.284218964335741564e+00
1.839999999999999969e-01,1.547694477105895494e+01,9.964063406427200675e+00
1.849999999999999978e-01,6.232632665249905557e+00,2.019043330784816348e+01
1.859999999999999987e-01,-4.074051882676350544e+00,2.598819617036416219e+01
1.869999999999999996e-01,-1.380811134464078194e+01,2.595412185125483617e+01
1.880000000000000004e-01,-2.142030641244474864e+01,2.005285941225285029e+01
1.890000000000000013e-01,-2.571225185301670635e+01,9.641008548190201921e+00
1.900000000000000022e-01,-2.603751623331192988e+01,-2.859604645985136973e+00
1.910000000000000031e-01,-2.240253553795244557e+01,-1.455536517020050802e+01
1.920000000000000040e-01,-1.545107160354022824e+01,-2.278568969145064926e+01
1.930000000000000049e-01,-6.338559011872363591e+00,-2.575629386748478922e+01
1.940000000000000058e-01,3.476746961657722679e+00,-2.294125148878328702e+01
1.950000000000000067e-01,1.248452190885503299e+01,-1.516045803960806282e+01
1.960000000000000075e-01,1.936817309063321346e+01,-4.328067607307951370e+00
1.970000000000000084e-01,2.320277633697548580e+01,7.047002883107026605e+00
1.980000000000000093e-01,2.357425896556010159e+01,1.646908991266008826e+01
1.990000000000000102e-01,2.060601017114093736e+01,2.201616167223613374e+01
2.000000000000000111e-01,1.489731341391062713e+01,2.272244816571839721e+01
2.010000000000000120e-01,7.393498513964556373e+00,1.871076584810185039e+01
2.020000000000000129e-01,-7.824310335527381310e-01,1.107174863257662167e+01
2.030000000000000138e-01,-8.504153229905046629e+00,1.548539984306150918e+00
2.040000000000000147e-01,-1.479381837458424265e+01,-7.877144000807177804e+00
2.050000000000000155e-01,-1.893171891027921205e+01,-1.539465646759484230e+01
2.060000000000000164e-01,-2.051554141181633284e+01,-1.968663248695350276e+01
2.070000000000000173e-01,-1.947151663643290576e+01,-2.011642427506450659e+01
2.080000000000000182e-01,-1.602738446058130961e+01,-1.677176705720426142e+01
2.089999999999999913e-01,-1.066041070142317437e+01,-1.038540778616753535e+01
2.099999999999999922e-01,-4.032786451031336483e+00,-2.168854880268330731e+00
2.109999999999999931e-01,3.077156041385241458e+00,6.402788831452705942e+00
2.119999999999999940e-01,9.844396683292162109e+00,1.382340740187314232e+01
2.129999999999999949e-01,1.546770977432499627e+01,1.878222495842508977e+01
2.139999999999999958e-01,1.924282583447749317e+01,2.036446281083330945e+01
2.149999999999999967e-01,2.063808689876604419e+01,1.820608324201122130e+01
2.159999999999999976e-01,1.936805920727480768e+01,1.257948910625953332e+01
2.169999999999999984e-01,1.545530308997337521e+01,4.387046103959223231e+00
2.179999999999999993e-01,9.266436253900325326e+00,-4.953098742038043234e+00
2.190000000000000002e-01,1.507757893584496633e+00,-1.372743638337773753e+01
2.200000000000000011e-01,-6.830730788018833266e+00,-2.022838908079070208e+01
2.210000000000000020e-01,-1.458602985573262423e+01,-2.308663465010493709e+01
2.220000000000000029e-01,-2.057947126034889607e+01,-2.156769972539075297e+01
2.230000000000000038e-01,-2.380061392592447334e+01,-1.576377819755418130e+01
2.240000000000000047e-01,-2.358792081518626915e+01,-6.627406140275510893e+00
2.250000000000000056e-01,-1.977179028462610688e+01,4.174703904811470245e+00
2.260000000000000064e-01,-1.274785008908059503e+01,1.456874472645828078e+01
2.270000000000000073e-01,-3.458150087184904464e+00,2.248358181320744009e+01
2.280000000000000082e-01,6.726314559942800919e+00,2.627753178928578137e+01
2.290000000000000091e-01,1.620933896692873688e+01,2.508864623859748022e+01
2.300000000000000100e-01,2.342881134693631751e+01,1.902946876738495519e+01
2.310000000000000109e-01,2.712734931620528300e+01,9.180856411854431798e+00
2.320000000000000118e-01,2.658451038401087985e+01,-2.615893750327574985e+00
2.330000000000000127e-01,2.176503316837271740e+01,-1.412455754518721562e+01
2.340000000000000135e-01,1.335122446295740772e+01,-2.315880639175277977e+01
2.350000000000000144e-01,2.648359159518987482e+00,-2.801209328899251361e+01
2.360000000000000153e-01,-8.624161749702160762e+00,-2.778389272158923617e+01
2.370000000000000162e-01,-1.862092034285083031e+01,-2.253843240163296002e+01
2.380000000000000171e-01,-2.568687629523725491e+01,-1.326966647807692823e+01
2.390000000000000180e-01,-2.864466591878051105e+01,-1.687532857068068326e+00
2.399999999999999911e-01,-2.700008841967824935e+01,1.012377814484275973e+01
2.409999999999999920e-01,-2.102798001130874894e+01,2.010206261104076120e+01
2.419999999999999929e-01,-1.172293324310884266e+01,2.657839879650375536e+01
2.429999999999999938e-01,-6.245009057168557920e-01,2.855471077439353422e+01
2.439999999999999947e-01,1.045035230563631146e+01,2.584238228215292210e+01
2.449999999999999956e-01,1.971823243978459317e+01,1.904709792206334384e+01
2.459999999999999964e-01,2.572753972949108103e+01,9.415443106529984618e+00
2.469999999999999973e-01,2.759163796521766798e+01,-1.416969814137307937e+00
2.479999999999999982e-01,2.511825435201963685e+01,-1.172206554066147532e+01
2.489999999999999991e-01,1.881666655141165023e+01,-1.996450092006673316e+01
2.500000000000000000e-01,9.787000039326111178e+00,-2.502786918898740609e+01
2.510000000000000009e-01,-4.832754248144294773e-01,-2.635042582571751524e+01
2.520000000000000018e-01,-1.037565252384146852e+01,-2.395857433241467405e+01
2.530000000000000027e-01,-1.840310768249527484e+01,-1.840545617239018839e+01
2.540000000000000036e-01,-2.343462346538574081e+01,-1.063701258954815643e+01
2.550000000000000044e-01,-2.484766519316601929e+01,-1.816681827172637043e+00
2.560000000000000053e-01,-2.258990534009546991e+01,6.858153674936112942e+00
2.570000000000000062e-01,-1.714860274887298530e+01,1.431896620993244618e+01
2.580000000000000071e-01,-9.441523318977052881e+00,1.974749816054974261e+01
2.590000000000000080e-01,-6.544325498650559458e-01,2.264551093352727307e+01
2.600000000000000089e-01,7.944505152135401538e+00,2.285265049391887615e+01
2.610000000000000098e-01,1.518374667526496502e+01,2.052021504528096330e+01
2.620000000000000107e-01,2.013665985175502726e+01,1.605350434886405253e+01
2.630000000000000115e-01,2.222339714297431712e+01,1.003698266695631247e+01
2.640000000000000124e-01,2.125988674378865539e+01,3.155174938091627634e+00
2.650000000000000133e-01,1.745554141414689298e+01,-3.881002103976204598e+00
2.660000000000000142e-01,1.136698305914602969e+01,-1.039674421464009768e+01
2.670000000000000151e-01,3.818057379324510059e+00,-1.580263537940383145e+01
2.680000000000000160e-01,-4.202893123631834094e+00,-1.963123769624348114e+01
2.690000000000000169e-01,-1.165817233129759778e+01,-2.156275732057355654e+01
2.700000000000000178e-01,-1.757888821025504456e+01,-2.144147843299186107e+01
2.710000000000000187e-01,-2.117714918888531628e+01,-1.928372624966205606e+01
2.720000000000000195e-01,-2.194301491655113168e+01,-1.527692490530422198e+01
2.730000000000000204e-01,-1.971624877101249140e+01,-9.768440448960230782e+00
2.740000000000000213e-01,-1.472273236777469840e+01,-3.242758586343121863e+00
2.750000000000000222e-01,-7.566691914513431705e+00,3.713706352266468169e+00
2.760000000000000231e-01,8.265844905171743084e-01,1.045936742179324241e+01
2.770000000000000240e-01,9.316904787186274461e+00,1.635306342748381780e+01
2.780000000000000249e-01,1.669577895058093375e+01,2.081390860222108685e+01
2.790000000000000258e-01,2.185674999401091512e+01,2.337943223987677399e+01
2.800000000000000266e-01,2.396576229526254664e+01,2.375549928422999457e+01
2.810000000000000275e-01,2.260414988882211418e+01,2.185191515212503788e+01
2.820000000000000284e-01,1.785780434927414717e+01,1.779893001203080161e+01
2.830000000000000293e-01,1.033236106158017265e+01,1.194185306248582634e+01
2.840000000000000302e-01,1.085276078751293616e+00,4.813363533675221184e+00
2.850000000000000311e-01,-8.520244501956550920e+00,-2.914452835412757903e+00
2.860000000000000320e-01,-1.701992689811983439e+01,-1.049407786736602866e+01
2.870000000000000329e-01,-2.308006778939332548e+01,-1.717645985066701897e+01
2.880000000000000338e-01,-2.571747488417287997e+01,-2.228748951338469553e+01
2.889999999999999791e-01,-2.446896764641981292e+01,-2.529910968903235258e+01
2.899999999999999800e-01,-1.947896796067411174e+01,-2.588727129341778621e+01
2.909999999999999809e-01,-1.148728939523776305e+01,-2.396991806817338500e+01
2.919999999999999818e-01,-1.716714223653720284e+00,-1.971998052006038549e+01
2.929999999999999827e-01,8.321967110427300085e+00,-1.355091098308052722e+01
2.939999999999999836e-01,1.707460765034178252e+01,-6.075394517369100633e+00
2.949999999999999845e-01,2.319594936264527263e+01,1.958819430734610290e+00
2.959999999999999853e-01,2.576589287383820803e+01,9.748959771669399643e+00
2.969999999999999862e-01,2.443284041569446785e+01,1.652383737526877994e+01
2.979999999999999871e-01,1.946056496763552346e+01,2.162657872218695587e+01
2.989999999999999880e-01,1.167260261828436541e+01,2.458340557463823473e+01
2.999999999999999889e-01,2.306419011896473581e+00,2.515020986550830884e+01
3.009999999999999898e-01,-7.194932946547051955e+00,2.333173774880185647e+01
3.019999999999999907e-01,-1.541611516530198145e+01,1.937199748489468831e+01
3.029999999999999916e-01,-2.118765378172092895e+01,1.371840393303296501e+01
3.039999999999999925e-01,-2.375365925431942671e+01,6.965518735634689484e+00
3.049999999999999933e-01,-2.286474174620286703e+01,-2.134844061931704395e-01
3.059999999999999942e-01,-1.878626122315789360e+01,-7.138603332388438361e+00
3.069999999999999951e-01,-1.222717826670303864e+01,-1.318951509160617874e+01
3.079999999999999960e-01,-4.207611078166584306e+00,-1.785995099708275191e+01
3.089999999999999969e-01,4.108445371554974024e+00,-2.079550311394218909e+01
3.099999999999999978e-01,1.158602371643678453e+01,-2.181310589466094640e+01
3.109999999999999987e-01,1.727119897162199891e+01,-2.090290798285903762e+01
3.119999999999999996e-01,2.050264079606149892e+01,-1.821515641880230874e+01
3.130000000000000004e-01,2.097237513530594910e+01,-1.403586042498600861e+01
3.140000000000000013e-01,1.873483231662119763e+01,-8.755352267092661123e+00
3.150000000000000022e-01,1.417097197358969218e+01,-2.833526118077823952e+00
3.160000000000000031e-01,7.919121455080550653e+00,3.235283456773594413e+00
3.170000000000000040e-01,7.858285225595655898e-01,8.955871226331030499e+00
3.180000000000000049e-01,-6.350992148078847599e+00,1.386328970212914591e+01
3.190000000000000058e-01,-1.263698532342026049e+01,1.755141641629342431e+01
3.200000000000000067e-01,-1.732773843974098682e+01,1.969919033206841164e+01
3.210000000000000075e-01,-1.986233335316267912e+01,2.009459444077230827e+01
3.220000000000000084e-01,-1.992084639070492003e+01,1.865582462123791885e+01
3.230000000000000093e-01,-1.746243872801932895e+01,1.544809956152429464e+01
3.240000000000000102e-01,-1.273994954330584939e+01,1.069348120712947470e+01
3.250000000000000111e-01,-6.286523097536969473e+00,4.770225221190316667e+00
3.260000000000000120e-01,1.129302378895822967e+00,-1.802065928908978654e+00
3.270000000000000129e-01,8.580863085570042514e+00,-8.394539044385568971e+00
3.280000000000000138e-01,1.508922470217862255e+01,-1.431971182376307006e+01
3.290000000000000147e-01,1.974812380149770874e+01,-1.889907214858997975e+01
3.300000000000000155e-01,2.185288054674283131e+01,-2.154256395389572987e+01
3.310000000000000164e-01,2.101418862739909343e+01,-2.183121007114723255e+01
3.320000000000000173e-01,1.723673582214327382e+01,-1.959114699584231900e+01
3.330000000000000182e-01,1.094554494011567947e+01,-1.494590200764377030e+01
3.340000000000000191e-01,2.949789312511785777e+00,-8.334533953484047686e+00
3.350000000000000200e-01,-5.656263716359659632e+00,-4.866467615634423871e-01
3.360000000000000209e-01,-1.364430266480767706e+01,7.648870415156163283e+00
3.370000000000000218e-01,-1.983378386542213789e+01,1.501693095451862092e+01
3.380000000000000226e-01,-2.327601498153264004e+01,2.059861083809614613e+01
3.390000000000000235e-01,-2.340959405922817638e+01,2.356315816678248609e+01
3.400000000000000244e-01,-2.015953527759254982e+01,2.340560571530022571e+01
3.410000000000000253e-01,-1.396103441421469249e+01,2.004545090182305955e+01
3.420000000000000262e-01,-5.701397228893000602e+00,1.386595936727954559e+01
3.430000000000000271e-01,3.412120958156162676e+00,5.682091289239893150e+00
3.440000000000000280e-01,1.203763925437855242e+01,-3.363329291765913442e+00
3.450000000000000289e-01,1.890663805635400507e+01,-1.196275647592592328e+01
3.460000000000000298e-01,2.302000524239134549e+01,-1.884233642897214978e+01
3.470000000000000306e-01,2.379970371156086628e+01,-2.296360514806358211e+01
3.480000000000000315e-01,2.117161413704063833e+01,-2.369404082362343544e+01
3.490000000000000324e-01,1.556734442355477555e+01,-2.091596459544836861e+01
3.500000000000000333e-01,7.846901434350323612e+00,-1.505315685814629667e+01
3.510000000000000342e-01,-8.425864071793472965e-01,-7.008700432461136387e+00
3.519999999999999796e-01,-9.246849476798240985e+00,1.976672028506346379e+00
3.529999999999999805e-01,-1.619278410762100151e+01,1.052214284372599629e+01
3.539999999999999813e-01,-2.075516053306599673e+01,1.732670648345359155e+01
3.549999999999999822e-01,-2.237737405411781921e+01,2.137411474748416040e+01
3.559999999999999831e-01,-2.093115698639475397e+01,2.208883588414699517e+01
3.569999999999999840e-01,-1.671114307262119070e+01,1.941839590396586601e+01
3.579999999999999849e-01,-1.037070296472120035e+01,1.383095859475256084e+01
3.589999999999999858e-01,-2.813715333691511500e+00,6.231750441697627707e+00
3.599999999999999867e-01,4.938272003835900925e+00,-2.184956666369067602e+00
3.609999999999999876e-01,1.188304872532105705e+01,-1.012244027875872199e+01
3.619999999999999885e-01,1.716083568859164288e+01,-1.637687263736180299e+01
3.629999999999999893e-01,2.015005181371483189e+01,-2.001280244133606345e+01
3.639999999999999902e-01,2.052799713523908309e+01,-2.049546575541298310e+01
3.649999999999999911e-01,1.829410076760343884e+01,-1.776432527450423038e+01
3.659999999999999920e-01,1.375765318888814193e+01,-1.224061611952368267e+01
3.669999999999999929e-01,7.494705758439202725e+00,-4.769466079709648199e+00
3.679999999999999938e-01,2.802139483578724444e-01,3.496182301012406235e+00
3.689999999999999947e-01,-6.997974814692841328e+00,1.125698371752300986e+01
3.699999999999999956e-01,-1.343640649335553938e+01,1.725606302510837509e+01
3.709999999999999964e-01,-1.821716242175416411e+01,2.047290649599769452e+01
3.719999999999999973e-01,-2.070448546532109191e+01,2.029613218690886356e+01
3.729999999999999982e-01,-2.052737980606001145e+01,1.664735733663621176e+01
3.739999999999999991e-01,-1.763793974848344703e+01,1.003044854585379042e+01
3.750000000000000000e-01,-1.233558023184117225e+01,1.487720543033188347e+00
3.760000000000000009e-01,-5.249557799940967939e+00,-7.542314104632271032e+00
3.770000000000000018e-01,2.723525867762483621e+00,-1.545333488308699188e+01
3.780000000000000027e-01,1.052440816936302426e+01,-2.075401640765472777e+01
3.790000000000000036e-01,1.706807545368305057e+01,-2.235684161585875884e+01
3.800000000000000044e-01,2.139611867539386836e+01,-1.981551041640929611e+01
3.810000000000000053e-01,2.282276916223807817e+01,-1.345615862184922484e+01
3.820000000000000062e-01,2.105107035852180175e+01,-4.363475856813601617e+00
3.830000000000000071e-01,1.623794752147738762e+01,5.789792232053588172e+00
3.840000000000000080e-01,8.993435048375433283e+00,1.504769175354291733e+01
3.850000000000000089e-01,3.092324195724833746e-01,2.155545671421646503e+01
3.860000000000000098e-01,-8.576495876496869286e+00,2.394567671190068836e+01
3.870000000000000107e-01,-1.635969380342039869e+01,2.164181748975643771e+01
3.880000000000000115e-01,-2.186901566707432565e+01,1.500755923930701918e+01
3.890000000000000124e-01,-2.425053545012722367e+01,5.301222282381439221e+00
3.900000000000000133e-01,-2.310757348750700402e+01,-5.563090199603696995e+00
3.910000000000000142e-01,-1.857117846334885769e+01,-1.540184428870686162e+01
3.920000000000000151e-01,-1.128792704181654472e+01,-2.221492710694712613e+01
3.930000000000000160e-01,-2.325498504373961328e+00,-2.460669474191038830e+01
3.940000000000000169e-01,6.989538171291910906e+00,-2.208222926886920234e+01
3.950000000000000178e-01,1.527568295757206585e+01,-1.515291584895940602e+01
3.960000000000000187e-01,2.130906797696759014e+01,-5.228038660724786624e+00
3.970000000000000195e-01,2.421016955989205144e+01,5.682988496953235824e+00
3.980000000000000204e-01,2.357486933314033450e+01,1.539131828024405202e+01
3.990000000000000213e-01,1.952976115742164254e+01,2.197989561918750567e+01
4.000000000000000222e-01,1.270449653523951206e+01,2.418841132417890094e+01
4.010000000000000231e-01,4.127682519092022773e+00,2.165263826727385421e+01
4.020000000000000240e-01,-4.935039745821870660e+00,1.495319132086464897e+01
4.030000000000000249e-01,-1.317362863021883257e+01,5.471374031139996319e+00
4.040000000000000258e-01,-1.942629610589530387e+01,-4.909474561135155568e+00
4.050000000000000266e-01,-2.284310412574360427e+01,-1.418881013568810623e+01
4.060000000000000275e-01,-2.299759349708028466e+01,-2.063826727287047902e+01
4.070000000000000284e-01,-1.993286662456130998e+01,-2.311876556043301889e+01
4.080000000000000293e-01,-1.413922488139699141e+01,-2.126866757779712103e+01
4.090000000000000302e-01,-6.470631514505789106e+00,-1.553603327380761812e+01
4.100000000000000311e-01,1.984621284639647154e+00,-7.060088129750610619e+00
4.110000000000000320e-01,1.005862003205717592e+01,2.565297608607210122e+00
4.120000000000000329e-01,1.666186246300353346e+01,1.159490255094837252e+01
4.130000000000000338e-01,2.092408759101351734e+01,1.844407570017535036e+01
4.140000000000000346e-01,2.230133639313177696e+01,2.195529002127734230e+01
4.150000000000000355e-01,2.063813522104709364e+01,2.157811755314317637e+01
4.160000000000000364e-01,1.617971242535154985e+01,1.743930342796294397e+01
4.169999999999999818e-01,9.534970636975574010e+00,1.029893266530281615e+01
4.179999999999999827e-01,1.596036043823952255e+00,1.406331600196029319e+00
4.189999999999999836e-01,-6.575662876487519348e+00,-7.716831026574603847e+00
4.199999999999999845e-01,-1.388375486193508834e+01,-1.552996743430049875e+01
4.209999999999999853e-01,-1.933668647160054732e+01,-2.072384878861569746e+01
4.219999999999999862e-01,-2.217698009149427563e+01,-2.242995994084238376e+01
4.229999999999999871e-01,-2.198450457885175524e+01,-2.035784138557575673e+01
4.239999999999999880e-01,-1.874018235279433853e+01,-1.484001876140655618e+01
4.249999999999999889e-01,-1.284012177264049726e+01,-6.777665542088763040e+00
4.259999999999999898e-01,-5.055383083972096792e+00,2.505012453864581712e+00
4.269999999999999907e-01,3.560834106306059343e+00,1.147548575480277044e+01
4.279999999999999916e-01,1.180950810751385838e+01,1.864312103319396030e+01
4.289999999999999925e-01,1.850954091125455392e+01,2.280475573744075390e+01
4.299999999999999933e-01,2.266733167629516288e+01,2.324518549700620085e+01
4.309999999999999942e-01,2.362771188096060371e+01,1.985862594245565305e+01
4.319999999999999951e-01,2.118247312948113503e+01,1.316978820041622633e+01
4.329999999999999960e-01,1.561735324532790337e+01,4.249925468913257731e+00
4.339999999999999969e-01,7.686597917401522650e+00,-5.458798131536498843e+00
4.349999999999999978e-01,-1.484969195593449198e+00,-1.438126395644117395e+01
4.359999999999999987e-01,-1.056071944315972821e+01,-2.106933300072773108e+01
4.369999999999999996e-01,-1.818957819194670478e+01,-2.443954580083713424e+01
4.380000000000000004e-01,-2.321219295212076261e+01,-2.394841697680783099e+01
4.390000000000000013e-01,-2.484326097154506030e+01,-1.967634743972664779e+01
4.400000000000000022e-01,-2.279993860614833068e+01,-1.230739749080409240e+01
4.410000000000000031e-01,-1.735409896739682623e+01,-3.010346001873138722e+00
4.420000000000000040e-01,-9.298159095855254463e+00,6.756767564981498886e+00
4.430000000000000049e-01,1.717108071961618299e-01,1.548406628782571204e+01
4.440000000000000058e-01,9.637393838042600080e+00,2.184879872541414869e+01
4.450000000000000067e-01,1.767700809115352101e+01,2.491679185220940695e+01
4.460000000000000075e-01,2.308453211046830944e+01,2.427535809636909647e+01
4.470000000000000084e-01,2.505555442942053546e+01,2.007948347725197635e+01
4.480000000000000093e-01,2.330943276486498661e+01,1.300828400066195734e+01
4.490000000000000102e-01,1.812875281903835045e+01,4.143393288085024828e+00
4.500000000000000111e-01,1.031069218166592272e+01,-5.207342542877712255e+00
4.510000000000000120e-01,1.039301815636033854e+00,-1.371048301659812019e+01
4.520000000000000129e-01,-8.299678974681475196e+00,-2.020001692044918329e+01
4.530000000000000138e-01,-1.633116628010183291e+01,-2.383457784074291297e+01
4.540000000000000147e-01,-2.189649333801386533e+01,-2.419843246582020058e+01
4.550000000000000155e-01,-2.422104737200588787e+01,-2.133602517757789130e+01
4.560000000000000164e-01,-2.301944058339750399e+01,-1.572057449173449051e+01
4.570000000000000173e-01,-1.852462350190462814e+01,-8.166688733509280596e+00
4.580000000000000182e-01,-1.143967008912109229e+01,2.961190449503235955e-01
4.590000000000000191e-01,-2.822752390131932021e+00,8.568507219439295497e+00
4.600000000000000200e-01,6.074773990580325744e+00,1.562421047353858228e+01
4.610000000000000209e-01,1.399153052133288178e+01,2.063268283272827830e+01
4.620000000000000218e-01,1.983340936989463543e+01,2.304815039243822383e+01
4.630000000000000226e-01,2.282049321773044781e+01,2.265758662954705827e+01
4.640000000000000235e-01,2.258497638921554440e+01,1.958605431473992908e+01
4.650000000000000244e-01,1.920941156258928117e+01,1.426306664015452519e+01
4.660000000000000253e-01,1.320326818092166299e+01,7.357565883965787812e+00
4.670000000000000262e-01,5.423905928280506217e+00,-3.084426604926546189e-01
4.680000000000000271e-01,-3.045339118823207070e+00,-7.856609900093294740e+00
4.690000000000000280e-01,-1.104279338011100364e+01,-1.444864219528539984e+01
4.700000000000000289e-01,-1.748254407632941820e+01,-1.937298121835228670e+01
4.710000000000000298e-01,-2.149591235418341029e+01,-2.211425521800044436e+01
4.720000000000000306e-01,-2.254339829547757290e+01,-2.240020081837510801e+01
4.730000000000000315e-01,-2.048398747925756780e+01,-2.022305534117367642e+01
4.740000000000000324e-01,-1.559368819613860424e+01,-1.583466488829475338e+01
4.750000000000000333e-01,-8.530905344462405893e+00,-9.716656433258464176e+00
4.760000000000000342e-01,-2.523058953159399431e-01,-2.528928658979278321e+00
4.770000000000000351e-01,8.111297594958616131e+00,4.958622259760252504e+00
4.780000000000000360e-01,1.540437971443383525e+01,1.194487333353911396e+01
4.790000000000000369e-01,2.060298725678285692e+01,1.767951629392275947e+01
4.799999999999999822e-01,2.295755839179030033e+01,2.154068442818855544e+01
4.809999999999999831e-01,2.210254031167998789e+01,2.310061535989723680e+01
4.819999999999999840e-01,1.811634328415201622e+01,2.217260467281843006e+01
4.829999999999999849e-01,1.152102742510766298e+01,1.883399604602353961e+01
4.839999999999999858e-01,3.219022200461676864e+00,1.342207577761736914e+01
4.849999999999999867e-01,-5.626840585511524218e+00,6.502352392219787447e+00
4.859999999999999876e-01,-1.375493690818201920e+01,-1.188419432263019493e+00
4.869999999999999885e-01,-1.998594733199897533e+01,-8.819261445068088179e+00
4.879999999999999893e-01,-2.339713641656717513e+01,-1.555434442941396256e+01
4.889999999999999902e-01,-2.346326419878487357e+01,-2.064522335466684311e+01
4.899999999999999911e-01,-2.014157093195700909e+01,-2.351563888582878192e+01
4.909999999999999920e-01,-1.388612108747329899e+01,-2.382895267491933566e+01
4.919999999999999929e-01,-5.587394554874763664e+00,-2.152987382616410983e+01
4.929999999999999938e-01,3.555282456739018215e+00,-1.685484272549787832e+01
4.939999999999999947e-01,1.221000693347152577e+01,-1.030899400105122687e+01
4.949999999999999956e-01,1.911065831129781500e+01,-2.611609314062771858e+00
4.959999999999999964e-01,2.324677073587462672e+01,5.384113199312701603e+00
4.969999999999999973e-01,2.401533119157546636e+01,1.278783229139426680e+01
4.979999999999999982e-01,2.131077470958624787e+01,1.877400194224813035e+01
4.989999999999999991e-01,1.553922938130834375e+01,2.267677712394441158e+01
5.000000000000000000e-01,7.555127169213361249e+00,2.406643672852354143e+01
5.010000000000000009e-01,-1.469399106282690326e+00,2.279811417510882521e+01
5.020000000000000018e-01,-1.022143635433957343e+01,1.902706869691366265e+01
5.030000000000000027e-01,-1.744270942285042736e+01,1.318890662130594293e+01
5.040000000000000036e-01,-2.211338033879473031e+01,5.947498832851152883e+00
5.050000000000000044e-01,-2.359669243161917151e+01,-1.882750907173618593e+00
5.060000000000000053e-01,-2.172378890703753385e+01,-9.430666379032997426e+00
5.070000000000000062e-01,-1.680789157470950101e+01,-1.586680723393220838e+01
5.080000000000000071e-01,-9.588136457701283533e+00,-2.049525156004979465e+01
5.090000000000000080e-01,-1.113881452855243426e+00,-2.282840153345895473e+01
5.100000000000000089e-01,7.411403605449574883e+00,-2.263695417899108264e+01
5.110000000000000098e-01,1.480263060437217248e+01,-1.997035764677471192e+01
5.120000000000000107e-01,2.005689413550334876e+01,-1.514658129088132732e+01
5.130000000000000115e-01,2.248618496001662592e+01,-8.713413459804325356e+00
5.140000000000000124e-01,2.180230006477027871e+01,-1.386382852092127971e+00
5.150000000000000133e-01,1.814479822085332472e+01,6.029488495175836071e+00
5.160000000000000142e-01,1.205103721910623094e+01,1.272568114214391954e+01
5.170000000000000151e-01,4.374946998369154905e+00,1.797519519356375284e+01
5.180000000000000160e-01,-3.832701270879117494e+00,2.120835677497989380e+01
5.190000000000000169e-01,-1.146577016531300863e+01,2.207232548814116413e+01
5.200000000000000178e-01,-1.750754639963658121e+01,2.046882754264587945e+01
5.210000000000000187e-01,-2.116098689388676846e+01,1.656656300760209533e+01
5.220000000000000195e-01,-2.194904599845927251e+01,1.078684503654067406e+01
5.230000000000000204e-01,-1.977366383460618593e+01,3.763234305220483744e+00
5.240000000000000213e-01,-1.492693087344902558e+01,-3.721838262487889626e+00
5.250000000000000222e-01,-8.053380728865958460e+00,-1.081829370386547851e+01
5.260000000000000231e-01,-6.784592011070861295e-02,-1.670030572165936888e+01
5.270000000000000240e-01,7.961602875713116312e+00,-2.066006227801353035e+01
5.280000000000000249e-01,1.495187076577743568e+01,-2.219349793917503533e+01
5.290000000000000258e-01,1.994749254428206342e+01,-2.106787443335536381e+01
5.300000000000000266e-01,2.224977917102905778e+01,-1.736193935574413416e+01
5.310000000000000275e-01,2.151532278403884391e+01,-1.147149163837525698e+01
5.320000000000000284e-01,1.780974045361460512e+01,-4.076536910447019935e+00
5.330000000000000293e-01,1.160763918599970346e+01,3.929372577355350948e+00
5.340000000000000302e-01,3.736536606017944351e+00,1.154198211186191969e+01
5.350000000000000311e-01,-4.729895295287112056e+00,1.777071435436431202e+01
5.360000000000000320e-01,-1.261641360181858218e+01,2.176972483096619371e+01
5.370000000000000329e-01,-1.880959016640553472e+01,2.295817431756321625e+01
5.380000000000000338e-01,-2.241719676670636829e+01,2.111195323030793247e+01
5.390000000000000346e-01,-2.290021998136833048e+01,1.641147630884280062e+01
5.400000000000000355e-01,-2.015713325220598762e+01,9.435226561743938589e+00
5.410000000000000364e-01,-1.454639131587159184e+01,1.095978910109534965e+00
5.420000000000000373e-01,-6.841975028184813290e+00,-7.474867440346107728e+00
5.430000000000000382e-01,1.873105284810343996e+00,-1.508096107471416047e+01
5.440000000000000391e-01,1.036074083720071215e+01,-2.063180719932923424e+01
5.450000000000000400e-01,1.740678137802942160e+01,-2.330567406914516226e+01
5.460000000000000409e-01,2.199854964756418951e+01,-2.267916262907995417e+01
5.470000000000000417e-01,2.347394218940281974e+01,-1.880176778943203431e+01
5.480000000000000426e-01,2.161932550311619394e+01,-1.220134999044119439e+01
5.490000000000000435e-01,1.670119330621650633e+01,-3.816810983728268436e+00
5.500000000000000444e-01,9.426742229943881668e+00,5.134186729833010610e+00
5.510000000000000453e-01,8.394862226920227766e-01,1.333382672865159435e+01
5.520000000000000462e-01,-7.834027727159496024e+00,1.956230090714879566e+01
5.530000000000000471e-01,-1.536302398336893837e+01,2.288477642570118675e+01
5.540000000000000480e-01,-2.068989570714735038e+01,2.279742665840636562e+01
5.550000000000000488e-01,-2.307997602591479946e+01,1.930875388371878287e+01
5.560000000000000497e-01,-2.222219813579242853e+01,1.294244872650044798e+01
5.570000000000000506e-01,-1.826703858482361298e+01,4.660458635862267052e+00
5.580000000000000515e-01,-1.179780506205641011e+01,-4.282301836309832410e+00
5.590000000000000524e-01,-3.741207639460837342e+00,-1.252921236768902347e+01
5.600000000000000533e-01,4.768281280024264213e+00,-1.882946419216291645e+01
5.610000000000000542e-01,1.254973687287583317e+01,-2.222959151454310955e+01
5.620000000000000551e-01,1.853945443545142524e+01,-2.221939825644651023e+01
5.630000000000000560e-01,2.193436574983607557e+01,-1.880991680401097099e+01
5.640000000000000568e-01,2.229637556036363577e+01,-1.253166801703118161e+01
5.650000000000000577e-01,1.960492709700392311e+01,-4.353755565731523447e+00
5.660000000000000586e-01,1.425255205138188330e+01,4.463699846351624423e+00
5.670000000000000595e-01,6.985826024768270415e+00,1.256138339936872050e+01
5.680000000000000604e-01,-1.198964226175280645e+00,1.868802607072074196e+01
5.690000000000000613e-01,-9.190812470133108647e+00,2.189206356306664958e+01
5.700000000000000622e-01,-1.591175329293908192e+01,2.166902795982971242e+01
5.710000000000000631e-01,-2.045850848347929940e+01,1.804235932467042147e+01
5.720000000000000639e-01,-2.222035962907330031e+01,1.156485199298825783e+01
5.730000000000000648e-01,-2.095876395371998413e+01,3.239359177967740422e+00
5.740000000000000657e-01,-1.683895240702987195e+01,-5.630820194590352656e+00
5.750000000000000666e-01,-1.040950693993320897e+01,-1.364081441317065924e+01
5.760000000000000675e-01,-2.532132766191188544e+00,-1.950326068783992994e+01
5.769999999999999574e-01,5.730094943543165620e+00,-2.225442805263570634e+01
5.779999999999999583e-01,1.325245442482862046e+01,-2.141480422183849441e+01
5.789999999999999591e-01,1.899883889280335580e+01,-1.707713167244119035e+01
5.799999999999999600e-01,2.216318382234260298e+01,-9.904984578092683734e+00
5.809999999999999609e-01,2.228306814967376326e+01,-1.038450925392460977e+00
5.819999999999999618e-01,1.930935306530025386e+01,8.081542545287662804e+00
5.829999999999999627e-01,1.362090149905410819e+01,1.594460152911832473e+01
5.839999999999999636e-01,5.980431084187058488e+00,2.122148744812820809e+01
5.849999999999999645e-01,-2.564429533640680159e+00,2.299229250952753034e+01
5.859999999999999654e-01,-1.082286071096777391e+01,2.091215453853325457e+01
5.869999999999999662e-01,-1.762662920084357410e+01,1.528340044787620400e+01
5.879999999999999671e-01,-2.199686946172042212e+01,7.018043687200143488e+00
5.889999999999999680e-01,-2.328768497913334201e+01,-2.506623074774005033e+00
5.899999999999999689e-01,-2.128485379406088995e+01,-1.167729024044991348e+01
5.909999999999999698e-01,-1.624382554179251770e+01,-1.892052731888194117e+01
5.919999999999999707e-01,-8.859794200365159966e+00,-2.297731230545220527e+01
5.929999999999999716e-01,-1.726872743832908730e-01,-2.312698977803833245e+01
5.939999999999999725e-01,8.580117161509239310e+00,-1.931941599359076278e+01
5.949999999999999734e-01,1.614225512511780991e+01,-1.218997362614255842e+01
5.959999999999999742e-01,2.142173530258167702e+01,-2.953188578201365821e+00
5.969999999999999751e-01,2.365171188427128257e+01,6.807084793953237956e+00
5.979999999999999760e-01,2.250428752154195067e+01,1.541379278771436745e+01
5.989999999999999769e-01,1.813991937289652867e+01,2.138966428639854556e+01
5.999999999999999778e-01,1.118474612535518098e+01,2.371445743693346131e+01
6.009999999999999787e-01,2.639140983562547227e+00,2.200057344578106111e+01
6.019999999999999796e-01,-6.268730937204911591e+00,1.655631615842793636e+01
6.029999999999999805e-01,-1.426228001285362268e+01,8.326761920632865355e+00
6.039999999999999813e-01,-2.020189947967841704e+01,-1.275598275944211268e+00
6.049999999999999822e-01,-2.324890613118881788e+01,-1.061877223673221593e+01
6.059999999999999831e-01,-2.298410118046489004e+01,-1.813280341134637297e+01
6.069999999999999840e-01,-1.946419328529218262e+01,-2.257523809891294775e+01
6.079999999999999849e-01,-1.320884220287386412e+01,-2.323512256117499319e+01
6.089999999999999858e-01,-5.121429362265470075e+00,-2.004231229083539034e+01
6.099999999999999867e-01,3.643756513624402782e+00,-1.356638688123602954e+01
6.109999999999999876e-01,1.184782071559866168e+01,-4.908915744987912610e+00
6.119999999999999885e-01,1.834271876550306501e+01,4.489312065006033414e+00
6.129999999999999893e-01,2.223094885286407418e+01,1.309119823169035790e+01
6.139999999999999902e-01,2.298752737669554591e+01,1.951477123687869408e+01
6.149999999999999911e-01,2.052820844340007156e+01,2.275207023643148219e+01
6.159999999999999920e-01,1.521578923703470387e+01,2.232159702031959370e+01
6.169999999999999929e-01,7.805007328660052757e+00,1.833266681038936952e+01
6.179999999999999938e-01,-6.652194085319491634e-01,1.145489397625934558e+01
6.189999999999999947e-01,-9.016691631526580153e+00,2.801115329470796222e+00
6.199999999999999956e-01,-1.609394531769373771e+01,-6.255042056195843969e+00
6.209999999999999964e-01,-2.092158092146517845e+01,-1.429678041489191642e+01
6.219999999999999973e-01,-2.283612745985745818e+01,-2.008279018389433190e+01
6.229999999999999982e-01,-2.157526997538935376e+01,-2.273403539613818580e+01
6.239999999999999991e-01,-1.731294143378847750e+01,-2.186169303236415473e+01
6.250000000000000000e-01,-1.063580499384734779e+01,-1.761881276135140340e+01
6.260000000000000009e-01,-2.464191088122408058e+00,-1.066989751097271011e+01
6.270000000000000018e-01,6.072276853307911892e+00,-2.084651114566840047e+00
6.280000000000000027e-01,1.378818034311806962e+01,6.827053301307119959e+00
6.290000000000000036e-01,1.960473328743109889e+01,1.471378861019272222e+01
6.300000000000000044e-01,2.269942594320313844e+01,2.038514620004320221e+01
6.310000000000000053e-01,2.262241937582621176e+01,2.298846679316701369e+01
6.320000000000000062e-01,1.936319847361201241e+01,2.213400019576793554e+01
6.330000000000000071e-01,1.335730836863005777e+01,1.795049059547359604e+01
6.340000000000000080e-01,5.430939681682328768e+00,1.106347484694147276e+01
6.350000000000000089e-01,-3.310301999577591747e+00,2.499971298482112747e+00
6.360000000000000098e-01,-1.163406780690053388e+01,-6.465920816573683894e+00
6.370000000000000107e-01,-1.835466949128922920e+01,-1.450329292232966871e+01
6.380000000000000115e-01,-2.250288967603231072e+01,-2.042210338277136472e+01
6.390000000000000124e-01,-2.346765187523327612e+01,-2.334880366997864343e+01
6.400000000000000133e-01,-2.108838734827029526e+01,-2.285389982850604440e+01
6.410000000000000142e-01,-1.568358912890828627e+01,-1.901279235449989002e+01
6.420000000000000151e-01,-8.010101129318623947e+00,-1.239138710237268270e+01
6.430000000000000160e-01,8.421391060892179370e-01,-3.959342952806396365e+00
6.440000000000000169e-01,9.605433030424711305e+00,5.055343098245207223e+00
6.450000000000000178e-01,1.701745604248128529e+01,1.334808661631008064e+01
6.460000000000000187e-01,2.200534827152952744e+01,1.972836591970699160e+01
6.470000000000000195e-01,2.384337143698234840e+01,2.329097815790884596e+01
6.480000000000000204e-01,2.226040272812146625e+01,2.354305307974200900e+01
6.490000000000000213e-01,1.748089994482271337e+01,2.046909526974407001e+01
6.500000000000000222e-01,1.019292898199431896e+01,1.452592723372743322e+01
6.510000000000000231e-01,1.447852313941671909e+00,6.569946082576165303e+00
6.520000000000000240e-01,-7.493389736214805197e+00,-2.271050725660982206e+00
6.530000000000000249e-01,-1.534443708973403275e+01,-1.076153391619908106e+01
6.540000000000000258e-01,-2.098065211703527311e+01,-1.773301520387576957e+01
6.550000000000000266e-01,-2.360152802911330738e+01,-2.224482931214629389e+01
6.560000000000000275e-01,-2.284460329081277763e+01,-2.370879641440801677e+01
6.570000000000000284e-01,-1.883462670934296312e+01,-2.196164718583579756e+01
6.580000000000000293e-01,-1.216155064418369136e+01,-1.727710433158333814e+01
6.590000000000000302e-01,-3.791536731068398058e+00,-1.031825403328819135e+01
6.600000000000000311e-01,5.075089752037353463e+00,-2.039016182472337846e+00
6.610000000000000320e-01,1.317754781568754474e+01,6.449982889437354316e+00
6.620000000000000329e-01,1.937446654732760365e+01,1.403180770625200324e+01
6.630000000000000338e-01,2.280411802671427068e+01,1.972937889809143641e+01
6.640000000000000346e-01,2.300266683827644343e+01,2.282852884426916518e+01
6.650000000000000355e-01,1.996460526475533825e+01,2.296306484958090266e+01
6.660000000000000364e-01,1.413808108040852929e+01,2.015261310002684070e+01
6.670000000000000373e-01,6.357088988321614842e+00,1.479047289158021705e+01
6.680000000000000382e-01,-2.278832947113625718e+00,7.585086070717758311e+00
6.690000000000000391e-01,-1.055984436717328911e+01,-5.357616860279527105e-01
6.700000000000000400e-01,-1.733411472163185252e+01,-8.544839951127528366e+00
6.710000000000000409e-01,-2.166609432129058632e+01,-1.544407472883743004e+01
6.720000000000000417e-01,-2.296348192157228496e+01,-2.038615490057762614e+01
6.730000000000000426e-01,-2.105620924044684372e+01,-2.277496270204760620e+01
6.740000000000000435e-01,-1.621739737119799685e+01,-2.233367401835305088e+01
6.750000000000000444e-01,-9.124029043218266466e+00,-1.913348132785894506e+01
6.760000000000000453e-01,-7.630268360551525353e-01,-1.358057872432529223e+01
6.770000000000000462e-01,7.704451557693397845e+00,-6.363799979333299106e+00
6.780000000000000471e-01,1.510225721145196687e+01,1.630365709994460621e+00
6.790000000000000480e-01,2.040070135637522242e+01,9.425155250886316338e+00
6.800000000000000488e-01,2.285852329783800130e+01,1.607074028357047268e+01
6.810000000000000497e-01,2.212612109344015110e+01,2.075771337168797359e+01
6.820000000000000506e-01,1.829576254218797260e+01,2.291377522377725739e+01
6.830000000000000515e-01,1.189142244849895214e+01,2.227242775213968429e+01
6.840000000000000524e-01,3.798936181462484019e+00,1.890559165635925964e+01
6.850000000000000533e-01,-4.854701144931238055e+00,1.321611357026324463e+01
6.860000000000000542e-01,-1.285690934110519024e+01,5.890699700744687739e+00
6.870000000000000551e-01,-1.907883640190875951e+01,-2.181573003739697203e+00
6.880000000000000560e-01,-2.263490706880684655e+01,-1.001587732500263606e+01
6.890000000000000568e-01,-2.300996611779204315e+01,-1.665092732438941781e+01
6.900000000000000577e-01,-2.013547653421732164e+01,-2.126669574844399691e+01
6.910000000000000586e-01,-1.440310890657633536e+01,-2.328618868185062851e+01
6.920000000000000595e-01,-6.612814293226016993e+00,-2.244853634045923840e+01
6.930000000000000604e-01,2.138111852561797033e+00,-1.884391253865148030e+01
6.940000000000000613e-01,1.060976790159390859e+01,-1.290533478893720698e+01
6.950000000000000622e-01,1.759632079769833979e+01,-5.357695474223383769e+00
6.960000000000000631e-01,2.209919466283585621e+01,2.870222223645341408e+00
6.970000000000000639e-01,2.347151334390380129e+01,1.076018179407437181e+01
6.980000000000000648e-01,2.151247819586509635e+01,1.733125994048841534e+01
6.990000000000000657e-01,1.649755290055209045e+01,2.176300867992140908e+01
7.000000000000000666e-01,9.139718349918110718e+00,2.349931018454846665e+01
7.010000000000000675e-01,4.872414619534561897e-01,2.231950845469742362e+01
7.020000000000000684e-01,-8.227180512226693665e+00,1.836747972201580836e+01
7.030000000000000693e-01,-1.576383006402970643e+01,1.213465518497383400e+01
7.039999999999999591e-01,-2.105397030711474571e+01,4.398934444987793846e+00
7.049999999999999600e-01,-2.335248223948649127e+01,-3.872862034261494113e+00
7.059999999999999609e-01,-2.234307248217669795e+01,-1.164662267421437036e+01
7.069999999999999618e-01,-1.818112804345517830e+01,-1.795115986907805805e+01
7.079999999999999627e-01,-1.146857071782977755e+01,-2.200042026801245143e+01
7.089999999999999636e-01,-3.165044154296336121e+00,-2.329216710443036220e+01
7.099999999999999645e-01,5.551055186209729264e+00,-2.167068154478035780e+01
7.109999999999999654e-01,1.345116287482921180e+01,-1.734568005963524939e+01
7.119999999999999662e-01,1.943031080585917536e+01,-1.086524923744717697e+01
7.129999999999999671e-01,2.266135530505810181e+01,-3.046420613208681072e+00
7.139999999999999680e-01,2.270822196229132928e+01,5.127701513237977515e+00
7.149999999999999689e-01,1.958295076930371437e+01,1.263124494893460259e+01
7.159999999999999698e-01,1.373952845467134587e+01,1.852386788375450166e+01
7.169999999999999707e-01,6.006444098026248568e+00,2.206812469962994072e+01
7.179999999999999716e-01,-2.531674693125926634e+00,2.282144032532774602e+01
7.189999999999999725e-01,-1.068623273496272219e+01,2.069143380002404342e+01
7.199999999999999734e-01,-1.732929780506458073e+01,1.594784674221450338e+01
7.209999999999999742e-01,-2.154810000918526924e+01,9.189607809616090250e+00
7.219999999999999751e-01,-2.276861207490559735e+01,1.270976772587589787e+00
7.229999999999999760e-01,-2.083192871831634818e+01,-6.804359266433157138e+00
7.239999999999999769e-01,-1.601370204955308552e+01,-1.400847381245035095e+01
7.249999999999999778e-01,-8.984566322727744137e+00,-1.941849071816246664e+01
7.259999999999999787e-01,-7.172988096526873303e-01,-2.233412398928480158e+01
7.269999999999999796e-01,7.646569890381008427e+00,-2.236879085684102364e+01
7.279999999999999805e-01,1.495272011058279382e+01,-1.950254454090930167e+01
7.289999999999999813e-01,2.019168554520961223e+01,-1.408946226003767244e+01
7.299999999999999822e-01,2.263705326734734768e+01,-6.817529406928457547e+00
7.309999999999999831e-01,2.194560531699685413e+01,1.375101071145399922e+00
7.319999999999999840e-01,1.820572459841099544e+01,9.417992156567803974e+00
7.329999999999999849e-01,1.192716602685230320e+01,1.624628816627762617e+01
7.339999999999999858e-01,3.973075781577600551e+00,2.094127930262486359e+01
7.349999999999999867e-01,-4.557060021005042927e+00,2.285531378272013825e+01
7.359999999999999876e-01,-1.247806603051115992e+01,2.170396997537912398e+01
7.369999999999999885e-01,-1.868301023659959270e+01,1.761199836663453411e+01
7.379999999999999893e-01,-2.229791518548563900e+01,1.110516107601227098e+01
7.389999999999999902e-01,-2.280560784061607649e+01,3.047114557803626056e+00
7.399999999999999911e-01,-2.012096495694351006e+01,-5.471976054684933644e+00
7.409999999999999920e-01,-1.460629848832464361e+01,-1.328136453348267487e+01
7.419999999999999929e-01,-7.023870647699236081e+00,-1.929098004293427948e+01
7.429999999999999938e-01,1.568594069831409588e+00,-2.264576923922736285e+01
7.439999999999999947e-01,9.965287703088616666e+00,-2.285091551710767277e+01
7.449999999999999956e-01,1.698208661095878469e+01,-1.984901611916884789e+01
7.459999999999999964e-01,2.162466279896748134e+01,-1.403654382727731864e+01
7.469999999999999973e-01,2.323079261264533457e+01,-6.215345797628386570e+00
7.479999999999999982e-01,2.156615300245118760e+01,2.515630452216248703e+00
7.489999999999999991e-01,1.685942841269010728e+01,1.091414302464393238e+01
7.500000000000000000e-01,9.771257474374134944e+00,1.777250403328836725e+01
7.510000000000000009e-01,1.301154431429355052e+00,2.209373708239807854e+01
7.520000000000000018e-01,-7.354386080180370655e+00,2.323985260436363376e+01
7.530000000000000027e-01,-1.497221811293695382e+01,2.102958762634848355e+01
7.540000000000000036e-01,-2.047673766623793412e+01,1.577006882919500619e+01
7.550000000000000044e-01,-2.309280622345378475e+01,8.216536481595941410e+00
7.560000000000000053e-01,-2.245541154732658384e+01,-5.349373289819852051e-01
7.570000000000000062e-01,-1.866043623812616303e+01,-9.206555579266503031e+00
7.580000000000000071e-01,-1.224952205575840480e+01,-1.652646382645255940e+01
7.590000000000000080e-01,-4.131589812701279563e+00,-2.141709182183779703e+01
7.600000000000000089e-01,4.547324852689126118e+00,-2.315588873934313696e+01
7.610000000000000098e-01,1.256696114363714223e+01,-2.148410973064392948e+01
7.620000000000000107e-01,1.880502930848314236e+01,-1.664700265506973054e+01
7.630000000000000115e-01,2.239426538582113579e+01,-9.359016934731526405e+00
7.640000000000000124e-01,2.284237363081821215e+01,-6.989364802402117105e-01
7.650000000000000133e-01,2.009843312389234882e+01,8.049602287113277299e+00
7.660000000000000142e-01,1.455709877961359489e+01,1.558851630550939937e+01
7.670000000000000151e-01,7.000737794391758584e+00,2.079825383242617676e+01
7.680000000000000160e-01,-1.511747689848806253e+00,2.290458777037699178e+01
7.690000000000000169e-01,-9.793437339157957666e+00,2.159435687458962860e+01
7.700000000000000178e-01,-1.669438828352375737e+01,1.706286695741116333e+01
7.710000000000000187e-01,-2.126029981036144179e+01,9.985790790034830167e+00
7.720000000000000195e-01,-2.286320916048751783e+01,1.419574721741460266e+00
7.730000000000000204e-01,-2.128663924508819960e+01,-7.355067993506612112e+00
7.740000000000000213e-01,-1.675396142238239250e+01,-1.502356114064937387e+01
7.750000000000000222e-01,-9.896483196803998794e+00,-2.043367167133679985e+01
7.760000000000000231e-01,-1.665887566081327265e+00,-2.276843741211881778e+01
7.770000000000000240e-01,6.796919314863314909e+00,-2.166999790009014859e+01
7.780000000000000249e-01,1.431870386855959509e+01,-1.729557238627553062e+01
7.790000000000000258e-01,1.985527701765471420e+01,-1.029670359562517667e+01
7.800000000000000266e-01,2.263546205782666476e+01,-1.724174846277694684e+00
7.810000000000000275e-01,2.226805357324420598e+01,7.127908284506244918e+00
7.820000000000000284e-01,1.879704706761292954e+01,1.491612420023251850e+01
7.830000000000000293e-01,1.269730149686282239e+01,2.045104901219915305e+01
7.840000000000000302e-01,4.810801623505446045e+00,2.287925303764993146e+01
7.850000000000000311e-01,-3.768224876350906083e+00,2.181607825127355582e+01
7.860000000000000320e-01,-1.184398594238128766e+01,1.740829712966309728e+01
7.870000000000000329e-01,-1.828512537895273127e+01,1.031609330696170090e+01
7.880000000000000338e-01,-2.218316152609230585e+01,1.615997939371906611e+00
7.890000000000000346e-01,-2.298118774789553598e+01,-7.361362810672897439e+00
7.900000000000000355e-01,-2.055446695030913773e+01,-1.523450327920281211e+01
7.910000000000000364e-01,-1.523101559312289233e+01,-2.078428762851536860e+01
7.920000000000000373e-01,-7.748550944042797539e+00,-2.314402207759529873e+01
7.930000000000000382e-01,8.468606525096368243e-01,-2.193643826210559311e+01
7.940000000000000391e-01,9.346735048259697365e+00,-1.733549389392666740e+01
7.950000000000000400e-01,1.655038837075225899e+01,-1.004249645936489976e+01
7.960000000000000409e-01,2.143538382657023433e+01,-1.179506869480249964e+00
7.970000000000000417e-01,2.330380565184293573e+01,7.883842111143253284e+00
7.980000000000000426e-01,2.188315872951720920e+01,1.574322303575597992e+01
7.990000000000000435e-01,1.736703094230879074e+01,2.117875688959621883e+01
8.000000000000000444e-01,1.038924718440241968e+01,2.334578887573258754e+01
8.010000000000000453e-01,1.934847677276100963e+00,2.190704494940714042e+01
8.020000000000000462e-01,-6.799575519825301839e+00,1.708520382942894145e+01
8.030000000000000471e-01,-1.457622346981034589e+01,9.627609243479160028e+00
8.040000000000000480e-01,-2.029262286704974017e+01,6.888666414122209813e-01
8.050000000000000488e-01,-2.313890021475161163e+01,-8.349877177738790124e+00
8.060000000000000497e-01,-2.271313213599367131e+01,-1.609621018745512444e+01
8.070000000000000506e-01,-1.907820685474073130e+01,-2.136225267180897802e+01
8.080000000000000515e-01,-1.275214169197379199e+01,-2.334716605648623755e+01
8.090000000000000524e-01,-4.633452256108038014e+00,-2.175817593309466957e+01
8.100000000000000533e-01,4.127468419265408528e+00,-1.685192480095917134e+01
8.110000000000000542e-01,1.229229998418968606e+01,-9.390696195600657603e+00
8.120000000000000551e-01,1.871047879018697557e+01,-5.214052309788063111e-01
8.130000000000000560e-01,2.248153695771523530e+01,8.402901169191062891e+00
8.140000000000000568e-01,2.308115025041352908e+01,1.603077724462573173e+01
8.150000000000000577e-01,2.043333257761366184e+01,2.121714975429207328e+01
8.160000000000000586e-01,1.491902349949185869e+01,2.319404958224587787e+01
8.170000000000000595e-01,7.320392503521203409e+00,2.168206790176375165e+01
8.180000000000000604e-01,-1.290777760817768627e+00,1.692682172927379369e+01
8.190000000000000613e-01,-9.704536384238666713e+00,9.656342576000286115e+00
8.200000000000000622e-01,-1.674257353826175176e+01,9.672142854593327455e-01
8.210000000000000631e-01,-2.142261649079192054e+01,-7.842307901926564462e+00
8.220000000000000639e-01,-2.309463539937408783e+01,-1.546655408493806583e+01
8.230000000000000648e-01,-2.153019770725687110e+01,-2.078499639811283117e+01
8.240000000000000657e-01,-1.695292503333565648e+01,-2.302493611303835053e+01
8.250000000000000666e-01,-1.000618526525192387e+01,-2.187111720664045933e+01
8.260000000000000675e-01,-1.662772073157442465e+00,-1.750723997778947805e+01
8.270000000000000684e-01,6.910775355751373361e+00,-1.058447036217052073e+01
8.280000000000000693e-01,1.451642424418796651e+01,-2.122615941793059235e+00
8.290000000000000702e-01,2.009111569036782896e+01,6.640832363738100597e+00
8.300000000000000711e-01,2.285455088384520295e+01,1.443141938322325757e+01
8.310000000000000719e-01,2.241794946038068304e+01,2.012195420104987065e+01
8.320000000000000728e-01,1.883873544025098212e+01,2.289388260120949425e+01
8.329999999999999627e-01,1.261346131425039374e+01,2.235302998027077948e+01
8.339999999999999636e-01,4.609716900635991266e+00,1.858367811903200462e+01
8.349999999999999645e-01,-4.053837565309447832e+00,1.213384054739987583e+01
8.359999999999999654e-01,-1.216295852086117968e+01,3.934404772068460954e+00
8.369999999999999662e-01,-1.857742631528699206e+01,-4.835856799601257805e+00
8.379999999999999671e-01,-2.239122116347972380e+01,-1.291983821993475701e+01
8.389999999999999680e-01,-2.306080129928019318e+01,-1.916188885486002391e+01
8.399999999999999689e-01,-2.048324494769051540e+01,-2.267222146810228978e+01
8.409999999999999698e-01,-1.501285801233682804e+01,-2.295265638309882306e+01
8.419999999999999707e-01,-7.413391840069349925e+00,-1.996603916764352249e+01
8.429999999999999716e-01,1.247913543288682314e+00,-1.413976884589299310e+01
8.439999999999999725e-01,9.749924723706232754e+00,-6.303293999871396380e+00
8.449999999999999734e-01,1.688994623303477027e+01,2.431171087562658428e+00
8.459999999999999742e-01,2.165442403602513011e+01,1.082743100609625841e+01
8.469999999999999751e-01,2.336365169394327523e+01,1.770079980008724974e+01
8.479999999999999760e-01,2.176961774833095831e+01,2.208527837247003589e+01
8.489999999999999769e-01,1.709269710540452891e+01,2.336876667871078794e+01
8.499999999999999778e-01,9.991592890893286949e+00,2.137739615864020237e+01
8.509999999999999787e-01,1.470529652647483143e+00,1.639746649133235223e+01
8.519999999999999796e-01,-7.263215135005922640e+00,9.132440502257193060e+00
8.529999999999999805e-01,-1.497111707894560695e+01,6.016844408985204673e-01
8.539999999999999813e-01,-2.055991411520720646e+01,-8.004192250830161726e+00
8.549999999999999822e-01,-2.323745166858619271e+01,-1.549059986935072253e+01
8.559999999999999831e-01,-2.262546004518345200e+01,-2.082513190904606759e+01
8.569999999999999840e-01,-1.881308951959075415e+01,-2.327942371386605203e+01
8.579999999999999849e-01,-1.234360542879715616e+01,-2.252726337447203164e+01
8.589999999999999858e-01,-4.136305070868554701e+00,-1.868593820359444280e+01
8.599999999999999867e-01,4.644959812923320719e+00,-1.229592231171565686e+01
8.609999999999999876e-01,1.275764758370216256e+01,-4.242645114116048610e+00
8.619999999999999885e-01,1.905694380765093854e+01,4.367995388893369579e+00
8.629999999999999893e-01,2.265754112374987272e+01,1.236258214248923792e+01
8.639999999999999902e-01,2.305786696456778628e+01,1.866026446550660722e+01
8.649999999999999911e-01,2.020937673601084583e+01,2.241812280682113823e+01
8.659999999999999920e-01,1.452148189987209292e+01,2.314241276443306816e+01
8.669999999999999929e-01,6.801881898843685548e+00,2.075130392609724339e+01
8.679999999999999938e-01,-1.858811514985125868e+00,1.558154543685773419e+01
8.689999999999999947e-01,-1.024151817929516994e+01,8.339135978327437471e+00
8.699999999999999956e-01,-1.717024820865347934e+01,1.507814343127409848e-03
8.709999999999999964e-01,-2.167664713637150697e+01,-8.315020311156148480e+00
8.719999999999999973e-01,-2.313461290356726252e+01,-1.550448681149785912e+01
8.729999999999999982e-01,-2.134644734333356908e+01,-2.061737080213093520e+01
8.739999999999999991e-01,-1.656889085447129517e+01,-2.298445262785247678e+01
8.750000000000000000e-01,-9.475800536746941560e+00,-2.230261751968769701e+01
8.760000000000000009e-01,-1.062998868157563503e+00,-1.867195323850083000e+01
8.770000000000000018e-01,7.491254290500678259e+00,-1.257992651819540875e+01
8.780000000000000027e-01,1.499069231852482886e+01,-4.835269125176022698e+00
8.790000000000000036e-01,2.038757772220524700e+01,3.539399930753254875e+00
8.800000000000000044e-01,2.292834552988080077e+01,1.144202823213767672e+01
8.810000000000000053e-01,2.225828574202775911e+01,1.783516157502610966e+01
8.820000000000000062e-01,1.847084777329444449e+01,2.188097678139061486e+01
8.830000000000000071e-01,1.209475714263786905e+01,2.305000016023441489e+01
8.840000000000000080e-01,4.020673523084243861e+00,2.118962181715646054e+01
8.850000000000000089e-01,-4.622560316936472624e+00,1.654367306046026442e+01
8.860000000000000098e-01,-1.262505337883333034e+01,9.720581997733169999e+00
8.870000000000000107e-01,-1.886468348835255071e+01,1.614187885782455645e+00
8.880000000000000115e-01,-2.246417315032018891e+01,-6.712637708006714554e+00
8.890000000000000124e-01,-2.291449707512483158e+01,-1.416660707099086736e+01
8.900000000000000133e-01,-2.014723771864080248e+01,-1.976698117016135114e+01
8.910000000000000142e-01,-1.454550468744571035e+01,-2.277432770663112294e+01
8.920000000000000151e-01,-6.891549164933461036e+00,-2.278822947481312866e+01
8.930000000000000160e-01,1.741932294698537831e+00,-1.980100575653005279e+01
8.940000000000000169e-01,1.014183753634193508e+01,-1.420013790583532653e+01
8.950000000000000178e-01,1.712512913219600819e+01,-6.718738547397498984e+00
8.960000000000000187e-01,2.170577352305711472e+01,1.659779445515823237e+00
8.970000000000000195e-01,2.323450892726800987e+01,9.830585566754521665e+00
8.980000000000000204e-01,2.149149257735277985e+01,1.671306630995207243e+01
8.990000000000000213e-01,1.671845030493764028e+01,2.139403292174815618e+01
9.000000000000000222e-01,9.585493988227094420e+00,2.324946845473958135e+01
9.010000000000000231e-01,1.097073647349897429e+00,2.202846970828607454e+01
9.020000000000000240e-01,-7.549746619901947398e+00,1.788794917996853684e+01
9.030000000000000249e-01,-1.513462446508468595e+01,1.137315982244131263e+01
9.040000000000000258e-01,-2.058680462051145810e+01,3.346331882217791431e+00
9.050000000000000266e-01,-2.313687000410092409e+01,-5.127305739953459174e+00
9.060000000000000275e-01,-2.242572503252656801e+01,-1.292105929132944553e+01
9.070000000000000284e-01,-1.855527344638332465e+01,-1.899700521075186188e+01
9.080000000000000293e-01,-1.207360870071762804e+01,-2.254480595649749120e+01
9.090000000000000302e-01,-3.896915952142885331e+00,-2.309043625538075162e+01
9.100000000000000311e-01,4.820671818291301314e+00,-2.056013321905316715e+01
9.110000000000000320e-01,1.285062336881762768e+01,-1.529086918794255645e+01
9.120000000000000329e-01,1.906363327668684704e+01,-7.985824619107039446e+00
9.130000000000000338e-01,2.258866397394541536e+01,3.792635957627982779e-01
9.140000000000000346e-01,2.293495390525040634e+01,8.686388822334269122e+00
9.150000000000000355e-01,2.005992706617034571e+01,1.582477191740276190e+01
9.160000000000000364e-01,1.437370678464694684e+01,2.083955374373812930e+01
9.170000000000000373e-01,6.679952398164751948e+00,2.305976599199989252e+01
9.180000000000000382e-01,-1.938292230386842174e+00,2.218843135143238143e+01
9.190000000000000391e-01,-1.027139133036009433e+01,1.834270388397154150e+01
9.200000000000000400e-01,-1.715291824564452128e+01,1.203862985914079786e+01
9.210000000000000409e-01,-2.162262725805499031e+01,4.122495859834531373e+00
9.220000000000000417e-01,-2.305990010413776048e+01,-4.342147473365130850e+00
9.230000000000000426e-01,-2.126925481677074714e+01,-1.221678272752392580e+01
9.240000000000000435e-01,-1.650629602670584006e+01,-1.844061079695796579e+01
9.250000000000000444e-01,-9.440817236921352773e+00,-2.217326137056060631e+01
9.260000000000000453e-01,-1.062474740843519783e+00,-2.290842653269057294e+01
9.270000000000000462e-01,7.457655266084661783e+00,-2.054310372467932311e+01
9.280000000000000471e-01,1.493031727388772545e+01,-1.539296311714436705e+01
9.290000000000000480e-01,2.031347150839095406e+01,-8.151470521697113725e+00
9.300000000000000488e-01,2.285698911914183995e+01,2.021224321205856433e-01
9.310000000000000497e-01,2.220670373398502662e+01,8.533940605314670691e+00
9.320000000000000506e-01,1.845349902525937935e+01,1.570847071599838429e+01
9.330000000000000515e-01,1.212067927096379627e+01,2.074293276727710023e+01
9.340000000000000524e-01,4.091354876693007903e+00,2.294217694858005885e+01
9.350000000000000533e-01,-4.514170993265829601e+00,2.199560634326401498e+01
9.360000000000000542e-01,-1.249412465660247840e+01,1.802250887860065376e+01
9.370000000000000551e-01,-1.873259233708757776e+01,1.155898606324855038e+01
9.380000000000000560e-01,-2.235528050758332341e+01,3.487519396502630098e+00
9.390000000000000568e-01,-2.285203193164633717e+01,-5.081918693085297534e+00
9.400000000000000577e-01,-2.014892768172956039e+01,-1.296349318183593091e+01
9.410000000000000586e-01,-1.461971744716173838e+01,-1.905936437313290099e+01
9.420000000000000595e-01,-7.034708968055501721e+00,-2.251320233581643748e+01
9.430000000000000604e-01,1.546035448162823567e+00,-2.283181238671085822e+01
9.440000000000000613e-01,9.920512185109597425e+00,-1.995738725804200442e+01
9.450000000000000622e-01,1.691306901143672548e+01,-1.427951069550912955e+01
9.460000000000000631e-01,2.153963212585927423e+01,-6.584331514041900313e+00
9.470000000000000639e-01,2.314659838065859532e+01,2.052825777115008687e+00
9.480000000000000648e-01,2.150368900673812433e+01,1.041699741339867202e+01
9.490000000000000657e-01,1.683744690561855961e+01,1.732458376904439490e+01
9.500000000000000666e-01,9.800386321713313365e+00,2.179171549506925487e+01
9.510000000000000675e-01,1.379901939418158419e+00,2.317586097096346265e+01
9.520000000000000684e-01,-7.240380957976112697e+00,2.127002682700540248e+01
9.530000000000000693e-01,-1.484731687495830599e+01,1.633543812865853440e+01
9.540000000000000702e-01,-2.036944592908390206e+01,9.067288370839838407e+00
9.550000000000000711e-01,-2.302841557139388939e+01,4.977852362207841885e-01
9.560000000000000719e-01,-2.244909650704472526e+01,-8.150116750594762038e+00
9.570000000000000728e-01,-1.871271757708197114e+01,-1.563757249317264630e+01
9.580000000000000737e-01,-1.234544532223434921e+01,-2.088817949568272425e+01
9.590000000000000746e-01,-4.244025539481608433e+00,-2.314392447817700216e+01
9.599999999999999645e-01,4.450936956977536774e+00,-2.207592202951084559e+01
9.609999999999999654e-01,1.251604681796180429e+01,-1.783355055935433597e+01
9.619999999999999662e-01,1.881767111784082758e+01,-1.102448204380250552e+01
9.629999999999999671e-01,2.247153745384360235e+01,-2.628160496742895091e+00
9.639999999999999680e-01,2.296684835873410435e+01,6.144971862417007102e+00
9.649999999999999689e-01,2.023748800980838425e+01,1.402821556820931548e+01
9.659999999999999698e-01,1.467044830942709588e+01,1.988199626078868931e+01
9.669999999999999707e-01,7.050507441278480947e+00,2.285922103706427322e+01
9.679999999999999716e-01,-1.550818721174557657e+00,2.252850438933493749e+01
9.689999999999999725e-01,-9.926234841565545253e+00,1.893725501105710762e+01
9.699999999999999734e-01,-1.690219771779000268e+01,1.260535028054699502e+01
9.709999999999999742e-01,-2.150319853462550768e+01,4.450220814753633292e+00
9.719999999999999751e-01,-2.308783789701261568e+01,-4.345853168110332732e+00
9.729999999999999760e-01,-2.143779864492343279e+01,-1.250702384471353668e+01
9.739999999999999769e-01,-1.678748622330471463e+01,-1.884891081269143598e+01
9.749999999999999778e-01,-9.790424170933791359e+00,-2.245055237992320940e+01
9.759999999999999787e-01,-1.427297890045275075e+00,-2.278831558353096298e+01
9.769999999999999796e-01,7.131385272890749860e+00,-1.981230100027800134e+01
9.779999999999999805e-01,1.468881258055097305e+01,-1.395408997568977583e+01
9.789999999999999813e-01,2.018879244135553463e+01,-6.064611581662067152e+00
9.799999999999999822e-01,2.286291559591840539e+01,2.708975981898947616e+00
9.809999999999999831e-01,2.233755799290178601e+01,1.108964627610665943e+01
9.819999999999999840e-01,1.868591316728383234e+01,1.785606045453323887e+01
9.829999999999999849e-01,1.241785128959019247e+01,2.202042457404836640e+01
9.839999999999999858e-01,4.408997764939342368e+00,2.297278777534869221e+01
9.849999999999999867e-01,-4.221168397216660040e+00,2.057069957784623071e+01
9.859999999999999876e-01,-1.226532721876799670e+01,1.516099847335919293e+01
9.869999999999999885e-01,-1.859681272810699326e+01,7.530315949620961291e+00
9.879999999999999893e-01,-2.232717290379563835e+01,-1.208757409208541578e+00
9.889999999999999902e-01,-2.293081920819287589e+01,-9.779483104439725238e+00
9.899999999999999911e-01,-2.031928310261157833e+01,-1.692731320825614105e+01
9.909999999999999920e-01,-1.485454044777563887e+01,-2.160359424544163787e+01
9.919999999999999929e-01,-7.299315601287553079e+00,-2.311971214215430237e+01
9.929999999999999938e-01,1.288926461599062101e+00,-2.124894193020988453e+01
9.939999999999999947e-01,9.705672583799740849e+00,-1.626082524499436133e+01
9.949999999999999956e-01,1.676818464942856579e+01,-8.882746485159401573e+00
9.959999999999999964e-01,2.148181634396182460e+01,-1.940805027841862873e-01
9.969999999999999973e-01,2.318040669391573871e+01,8.531736956623074519e+00
9.979999999999999982e-01,2.162085856460858579e+01,1.601409805414915155e+01
9.989999999999999991e-01,1.701837198791133687e+01,2.115357118147945314e+01
1.000000000000000000e+00,1.001712387571891050e+01,2.319389058454627417e+01
